<?xml version="1.0" encoding="UTF-8" standalone="yes"?>
<manifest>
  <control namespace="sefarov" constructor="CheckListSubgrid" version="0.0.1" display-name-key="CheckListSubgrid" description-key="CheckListSubgrid description" control-type="standard" api-version="1.3.1">
    <data-set name="listImageDataSet" display-name-key="Dataset_Display_Key">
      <property-set name="name" display-name-key="Name" description-key="Name that is displayed on the list." of-type="SingleLine.Text" usage="bound" required="true"/>
      <property-set name="description" display-name-key="Description" description-key="Description." of-type="Multiple" usage="bound" required="false"/>
      <property-set name="url" display-name-key="Url" description-key="URL image field." of-type-group="urls" usage="bound" required="true"/>
      <property-set name="alternateText" display-name-key="Alternate Text" description-key="Alternate Text for Image." of-type="SingleLine.Text" usage="bound" required="false"/>
      <property-set name="booleanAttribute" display-name-key="booleanAttribute_Display_Key" description-key="booleanAttribute_Desc_Key" of-type="TwoOptions" usage="bound" required="false"/>
    </data-set>
    <property name="navigateForm" display-name-key="Form Navigation Type" description-key="Types of navigation to open form" of-type="Enum" usage="input" required="true" default-value="0">
      <value name="navigateTo" display-name-key="Open Form as Dialog" description-key="Open form within a dialog.">0</value>
      <value name="openForm" display-name-key="Open Form as Entity" description-key="Open as entity form record.">1</value>
    </property>
    <type-group name="urls">
      <type>SingleLine.Text</type>
      <type>SingleLine.URL</type>
    </type-group>
    <resources>
      <code path="bundle.js" order="1"/>
    </resources>
    <feature-usage>
      <uses-feature name="WebAPI" required="true"/>
    </feature-usage>
    <built-by name="pac" version="1.6.6"/>
  </control>
</manifest>